Date,Open,High,Low,Close,Adj Close,Volume
2015-03-18,40.480000,40.790001,39.799999,40.599998,37.123436,26188600
2015-03-19,40.480000,40.520000,39.959999,40.020000,36.593109,16057600
2015-03-20,40.070000,40.660000,40.009998,40.650002,37.169155,31608500
2015-03-23,40.639999,40.939999,40.500000,40.619999,37.141731,17024300
2015-03-24,40.910000,40.990002,40.470001,40.470001,37.004574,13485700
2015-03-25,40.590000,40.700001,40.240002,40.450001,36.986282,22811300
2015-03-26,40.340000,40.560001,40.230000,40.349998,36.894848,17359600
2015-03-27,40.480000,40.480000,39.970001,40.080002,36.647968,14305200
2015-03-30,40.110001,40.610001,39.939999,40.509998,37.041145,12561400
2015-03-31,40.509998,40.900002,40.349998,40.549999,37.077724,16604800
2015-04-01,40.790001,40.810001,40.230000,40.680000,37.196590,14200500
2015-04-02,40.730000,40.869999,40.480000,40.680000,37.196590,14343100
2015-04-06,40.770000,41.610001,40.590000,41.169998,37.644630,19843400
2015-04-07,41.049999,41.369999,40.970001,41.009998,37.498333,9773400
2015-04-08,40.980000,41.090000,40.740002,40.889999,37.388603,8954700
2015-04-09,40.799999,41.080002,40.630001,41.049999,37.534904,12710900
2015-04-10,41.090000,41.160000,40.849998,40.880001,37.379467,8720000
2015-04-13,40.970001,40.970001,40.700001,40.700001,37.214878,9616300
2015-04-14,40.590000,40.650002,40.320000,40.509998,37.041145,11184100
2015-04-15,40.590000,40.810001,40.320000,40.400002,36.940571,11189100
2015-04-16,40.410000,40.860001,40.299999,40.599998,37.123436,13121000
2015-04-17,40.470001,40.660000,40.099998,40.299999,36.849129,15330300
2015-04-20,40.419998,40.900002,40.410000,40.660000,37.178307,13023700
2015-04-21,40.669998,40.990002,40.540001,40.779999,37.288033,19673100
2015-04-22,41.560001,41.570000,41.070000,41.310001,37.772644,26887200
2015-04-23,41.230000,41.410000,40.919998,40.950001,37.443470,17408800
2015-04-24,41.040001,41.119999,40.810001,40.889999,37.388603,11623300
2015-04-27,41.000000,41.150002,40.779999,40.830002,37.333744,10044600
2015-04-28,40.950001,40.970001,40.599998,40.770000,37.278885,12174800
2015-04-29,40.660000,40.750000,40.400002,40.490002,37.022869,11371400
2015-04-30,40.400002,40.580002,40.279999,40.560001,37.086868,12700800
2015-05-01,40.580002,40.930000,40.500000,40.910000,37.406902,10848300
2015-05-04,40.880001,41.099998,40.770000,40.959999,37.452618,10204800
2015-05-05,41.139999,41.139999,40.680000,40.750000,37.260605,11721300
2015-05-06,41.040001,41.090000,40.389999,40.660000,37.178307,11906900
2015-05-07,40.529999,40.910000,40.509998,40.700001,37.214878,13834700
2015-05-08,41.000000,41.169998,40.849998,40.980000,37.470905,11144400
2015-05-11,40.980000,41.389999,40.880001,40.939999,37.434326,10113500
2015-05-12,40.770000,40.959999,40.520000,40.689999,37.205734,12384500
2015-05-13,40.750000,41.360001,40.720001,41.049999,37.534904,13183700
2015-05-14,41.299999,41.599998,41.259998,41.500000,37.946373,9961000
2015-05-15,41.450001,41.689999,41.430000,41.520000,37.964657,8479000
2015-05-18,41.490002,41.490002,41.250000,41.320000,37.781792,11442100
2015-05-19,41.230000,41.389999,41.130001,41.310001,37.772644,9072000
2015-05-20,41.369999,41.590000,41.310001,41.349998,37.809219,10965200
2015-05-21,41.259998,41.320000,41.070000,41.230000,37.699490,9270900
2015-05-22,41.119999,41.240002,41.040001,41.209999,37.681206,11909500
2015-05-26,41.119999,41.180000,40.740002,40.990002,37.480045,15194300
2015-05-27,40.939999,41.200001,40.830002,41.119999,37.598915,9863100
2015-05-28,41.200001,41.299999,40.880001,41.139999,37.617203,9395200
2015-05-29,41.180000,41.180000,40.770000,40.959999,37.452618,19097000
2015-06-01,41.360001,41.410000,40.880001,40.939999,37.434326,12684100
2015-06-02,40.840000,41.160000,40.680000,40.990002,37.480045,11878600
2015-06-03,41.099998,41.209999,40.779999,40.869999,37.370316,8153800
2015-06-04,40.709999,40.980000,40.529999,40.590000,37.114304,10145800
2015-06-05,40.480000,40.520000,40.080002,40.099998,36.666256,15975600
2015-06-08,40.099998,40.259998,40.020000,40.160000,36.721115,14193900
2015-06-09,40.169998,40.419998,40.110001,40.200001,36.757698,10772700
2015-06-10,40.320000,40.540001,40.279999,40.330002,36.876568,11979900
2015-06-11,40.110001,40.250000,40.029999,40.099998,36.968754,11944900
2015-06-12,40.040001,40.119999,39.840000,39.959999,36.839687,15568600
2015-06-15,39.830002,39.860001,39.570000,39.590000,36.498569,11364800
2015-06-16,39.630001,40.160000,39.599998,40.080002,36.950314,12517400
2015-06-17,40.080002,40.320000,40.009998,40.270000,37.125477,13898400
2015-06-18,40.160000,40.740002,40.160000,40.650002,37.475807,16314600
2015-06-19,40.590000,40.650002,40.400002,40.400002,37.245327,23550600
2015-06-22,40.509998,40.810001,40.459999,40.480000,37.319080,8775900
2015-06-23,40.430000,40.520000,40.310001,40.380001,37.226891,11094900
2015-06-24,40.369999,40.450001,40.189999,40.189999,37.051723,10385100
2015-06-25,40.279999,40.340000,40.020000,40.020000,36.894997,10607600
2015-06-26,40.099998,40.349998,40.000000,40.000000,36.876564,16215600
2015-06-29,39.799999,39.980000,39.400002,39.400002,36.323414,15500800
2015-06-30,39.610001,39.610001,39.119999,39.230000,36.166691,14621300
2015-07-01,39.380001,39.599998,39.279999,39.500000,36.415607,11177400
2015-07-02,39.630001,39.810001,39.349998,39.490002,36.406384,8975900
2015-07-06,39.320000,39.599998,39.220001,39.419998,36.341846,10252600
2015-07-07,39.490002,40.380001,39.400002,40.250000,37.107037,20335000
2015-07-08,39.990002,40.230000,39.840000,39.860001,36.747494,11383700
2015-07-09,40.459999,40.580002,39.900002,39.919998,36.802807,13392000
2015-07-10,40.270000,40.520000,40.160000,40.389999,37.236107,13360400
2015-07-13,40.560001,40.770000,40.490002,40.660000,37.485027,9854200
2015-07-14,40.900002,41.259998,40.840000,41.169998,37.955200,19531000
2015-07-15,41.150002,41.360001,41.099998,41.130001,37.918331,11252100
2015-07-16,41.419998,41.599998,41.349998,41.480000,38.240997,10483700
2015-07-17,41.310001,41.320000,41.049999,41.250000,38.028950,9608300
2015-07-20,41.349998,41.540001,41.220001,41.380001,38.148804,10024200
2015-07-21,41.380001,41.520000,41.099998,41.189999,37.973637,13653800
2015-07-22,40.810001,41.590000,40.590000,40.900002,37.706291,15528600
2015-07-23,40.990002,41.020000,40.480000,40.840000,37.650970,13522200
2015-07-24,40.759998,40.830002,40.410000,40.439999,37.282200,10912500
2015-07-27,40.279999,40.580002,40.160000,40.540001,37.374393,10945700
2015-07-28,40.650002,40.730000,40.439999,40.549999,37.383614,11021800
2015-07-29,40.529999,40.709999,40.490002,40.590000,37.420490,8479900
2015-07-30,40.549999,40.750000,40.389999,40.560001,37.392830,9095500
2015-07-31,40.880001,41.220001,40.770000,41.080002,37.872234,15309500
2015-08-03,40.849998,41.549999,40.840000,41.540001,38.296310,14672600
2015-08-04,41.509998,41.869999,41.340000,41.849998,38.582104,17559900
2015-08-05,41.919998,42.220001,41.820000,42.119999,38.831017,15329200
2015-08-06,42.000000,42.250000,41.860001,41.919998,38.646637,11378900
2015-08-07,41.810001,41.970001,41.529999,41.770000,38.508350,10886700
2015-08-10,41.889999,41.990002,41.580002,41.680000,38.425377,9501900
2015-08-11,41.400002,41.570000,41.169998,41.480000,38.240997,11073000
2015-08-12,41.130001,41.259998,40.849998,41.259998,38.038174,9602200
2015-08-13,41.279999,41.380001,41.009998,41.099998,37.890667,10270900
2015-08-14,41.009998,41.250000,40.959999,41.250000,38.028950,9904800
2015-08-17,41.029999,41.450001,40.970001,41.349998,38.121140,8272800
2015-08-18,41.279999,41.529999,41.189999,41.299999,38.075043,11199400
2015-08-19,41.139999,41.240002,40.779999,40.779999,37.595654,15796500
2015-08-20,40.520000,40.820000,40.419998,40.549999,37.383614,14218000
2015-08-21,40.160000,40.470001,39.509998,39.529999,36.443260,28036200
2015-08-24,37.990002,38.939999,36.560001,38.380001,35.383064,44065300
2015-08-25,39.130001,39.279999,37.930000,37.990002,35.023510,31363700
2015-08-26,38.750000,38.830002,37.889999,38.730000,35.705734,23523300
2015-08-27,39.060001,39.380001,38.599998,39.270000,36.203568,18871600
2015-08-28,39.110001,39.470001,39.049999,39.450001,36.369507,14503900
2015-08-31,39.150002,39.450001,39.060001,39.320000,36.249657,12509800
2015-09-01,38.669998,39.029999,38.540001,38.750000,35.724171,23703200
2015-09-02,39.029999,39.070000,38.560001,38.900002,35.862450,14054800
2015-09-03,38.900002,39.340000,38.840000,39.160000,36.102146,13311600
2015-09-04,38.680000,38.790001,38.380001,38.520000,35.512131,15450500
2015-09-08,38.869999,39.029999,38.599998,38.900002,35.862450,15273900
2015-09-09,39.119999,39.209999,38.200001,38.299999,35.309307,13659000
2015-09-10,38.310001,38.650002,38.250000,38.419998,35.419937,14952500
2015-09-11,38.009998,38.189999,37.840000,38.130001,35.457138,11802300
2015-09-14,38.220001,38.220001,37.849998,38.099998,35.429237,8950000
2015-09-15,38.070000,38.630001,37.919998,38.500000,35.801197,12934900
2015-09-16,38.669998,39.189999,38.470001,39.150002,36.405632,22233400
2015-09-17,39.150002,39.610001,39.040001,39.380001,36.619507,21232500
2015-09-18,38.860001,39.299999,38.709999,38.980000,36.247551,27196000
2015-09-21,39.049999,39.310001,38.939999,39.189999,36.442829,12935800
2015-09-22,38.680000,38.990002,38.580002,38.790001,36.070866,15021300
2015-09-23,38.790001,38.880001,38.549999,38.759998,36.042973,8910800
2015-09-24,38.520000,39.200001,38.509998,39.150002,36.405632,19385700
2015-09-25,39.430000,40.080002,39.330002,39.619999,36.842686,22511300
2015-09-28,39.520000,39.820000,39.330002,39.529999,36.758991,19323100
2015-09-29,39.520000,39.709999,39.330002,39.660000,36.879883,14166900
2015-09-30,39.880001,40.230000,39.799999,40.119999,37.307636,19504100
2015-10-01,40.220001,40.470001,39.599998,39.799999,37.010067,19606600
2015-10-02,39.560001,40.389999,39.360001,40.389999,37.558708,15537300
2015-10-05,40.450001,41.049999,40.430000,41.009998,38.135246,15664000
2015-10-06,41.040001,41.340000,40.930000,40.959999,38.088753,14579400
2015-10-07,41.139999,41.610001,41.099998,41.520000,38.609501,14329700
2015-10-08,41.259998,41.990002,41.259998,41.980000,39.037251,11960200
2015-10-09,41.820000,42.119999,41.779999,42.020000,39.074448,13931200
2015-10-12,41.830002,42.290001,41.810001,42.000000,39.055847,12299100
2015-10-13,41.799999,41.910000,41.540001,41.650002,38.730392,12903600
2015-10-14,41.560001,41.959999,41.560001,41.680000,38.758278,14180000
2015-10-15,41.869999,42.029999,41.599998,41.919998,38.981453,11801600
2015-10-16,42.160000,42.209999,41.880001,42.020000,39.074448,20384200
2015-10-19,41.900002,42.060001,41.799999,41.990002,39.046551,15553800
2015-10-20,42.000000,42.400002,42.000000,42.290001,39.325520,16120100
2015-10-21,41.939999,42.520000,41.709999,42.189999,39.232536,19254900
2015-10-22,42.439999,43.849998,42.410000,43.240002,40.208927,35920200
2015-10-23,43.310001,43.310001,42.750000,42.790001,39.790470,18796100
2015-10-26,42.759998,42.889999,42.459999,42.590000,39.604492,14788600
2015-10-27,42.500000,42.770000,42.480000,42.610001,39.623089,30166600
2015-10-28,42.750000,42.840000,42.209999,42.730000,39.734680,13667300
2015-10-29,42.660000,42.900002,42.340000,42.790001,39.790470,9323800
2015-10-30,42.799999,42.860001,42.349998,42.349998,39.381321,15356200
2015-11-02,42.320000,42.360001,41.900002,42.240002,39.279030,16252200
2015-11-03,42.180000,42.320000,41.810001,42.160000,39.204636,9693100
2015-11-04,42.270000,42.389999,41.889999,41.970001,39.027950,10362700
2015-11-05,42.000000,42.349998,41.980000,42.330002,39.362720,9625100
2015-11-06,41.970001,42.220001,41.610001,41.959999,39.018654,11926700
2015-11-09,41.700001,41.790001,41.340000,41.540001,38.628098,10842700
2015-11-10,41.439999,41.810001,41.430000,41.770000,38.841972,8283100
2015-11-11,41.939999,42.200001,41.919998,42.040001,39.093044,9101200
2015-11-12,42.009998,42.049999,41.570000,41.580002,38.665295,10725000
2015-11-13,41.459999,41.779999,41.360001,41.380001,38.479309,11619500
2015-11-16,41.430000,42.000000,41.389999,41.959999,39.018654,11244900
2015-11-17,41.849998,42.150002,41.509998,41.669998,38.748978,12739400
2015-11-18,41.770000,42.349998,41.680000,42.279999,39.316219,12966300
2015-11-19,42.320000,43.299999,42.320000,43.110001,40.088047,24090700
2015-11-20,43.310001,43.580002,42.400002,42.430000,39.455704,19780800
2015-11-23,42.549999,43.180000,42.529999,42.959999,39.948555,13338100
2015-11-24,42.700001,43.599998,42.660000,43.360001,40.320511,15767200
2015-11-25,43.320000,43.500000,43.240002,43.360001,40.320511,10344900
2015-11-27,43.040001,43.240002,42.799999,43.150002,40.432964,7236700
2015-11-30,43.119999,43.150002,42.610001,42.619999,39.936333,16063000
2015-12-01,42.730000,43.099998,42.730000,42.889999,40.189331,11153000
2015-12-02,42.830002,42.930000,42.590000,42.770000,40.076885,12598500
2015-12-03,42.730000,42.889999,42.320000,42.459999,39.786404,15004400
2015-12-04,42.580002,43.480000,42.580002,43.290001,40.564144,16488000
2015-12-07,43.310001,43.439999,43.000000,43.200001,40.479809,12030700
2015-12-08,43.049999,43.250000,42.799999,43.009998,40.301773,10736200
2015-12-09,42.779999,43.270000,42.500000,42.660000,39.973812,12945500
2015-12-10,42.730000,43.070000,42.529999,42.759998,40.067516,15481000
2015-12-11,42.630001,42.830002,42.139999,42.270000,39.608376,17313400
2015-12-14,42.310001,42.759998,41.970001,42.450001,39.777035,19967300
2015-12-15,42.840000,43.240002,42.759998,43.070000,40.357990,17916400
2015-12-16,43.250000,43.910000,43.250000,43.840000,41.079517,21868600
2015-12-17,43.810001,43.889999,43.419998,43.490002,40.751556,14697000
2015-12-18,43.360001,43.419998,42.500000,42.500000,39.823887,24583700
2015-12-21,42.820000,42.939999,42.459999,42.779999,40.086254,10444400
2015-12-22,42.860001,43.389999,42.709999,43.290001,40.564144,12257400
2015-12-23,43.389999,43.730000,43.349998,43.669998,40.920216,9092300
2015-12-24,43.490002,43.720001,43.419998,43.540001,40.798405,3036600
2015-12-28,43.439999,43.520000,43.310001,43.490002,40.751556,6325000
2015-12-29,43.540001,43.779999,43.500000,43.709999,40.957699,7739800
2015-12-30,43.750000,43.770000,43.450001,43.570000,40.826511,5112500
2015-12-31,43.299999,43.340000,42.869999,42.959999,40.254921,9727900
2016-01-04,42.340000,42.500000,41.970001,42.400002,39.730186,16084100
2016-01-05,42.310001,42.630001,42.169998,42.549999,39.870743,15781900
2016-01-06,42.200001,42.509998,42.040001,42.320000,39.655220,16245100
2016-01-07,41.650002,42.110001,41.450001,41.619999,38.999302,20563600
2016-01-08,41.650002,42.119999,41.410000,41.509998,38.896221,14645900
2016-01-11,41.580002,41.860001,41.290001,41.580002,38.961819,15744900
2016-01-12,42.299999,42.450001,41.869999,42.119999,39.467815,21814800
2016-01-13,42.169998,42.570000,41.790001,41.849998,39.214817,16854300
2016-01-14,41.990002,42.169998,41.639999,41.880001,39.242931,16028000
2016-01-15,40.950001,41.590000,40.930000,41.500000,38.886860,21153600
2016-01-19,41.770000,42.119999,41.650002,41.919998,39.280411,15462200
2016-01-20,41.450001,41.619999,40.750000,41.380001,38.774410,19923500
2016-01-21,41.450001,41.509998,41.090000,41.389999,38.783783,15568900
2016-01-22,41.639999,42.240002,41.450001,42.060001,39.411594,15209200
2016-01-25,42.240002,42.500000,41.930000,42.160000,39.505299,12505200
2016-01-26,42.160000,42.500000,41.930000,42.080002,39.430332,12985500
2016-01-27,42.180000,42.459999,41.810001,42.090000,39.439701,14167000
2016-01-28,42.180000,42.720001,42.060001,42.570000,39.889477,16622800
2016-01-29,42.860001,43.259998,42.650002,42.919998,40.217434,20457000
2016-02-01,42.599998,43.150002,42.570000,43.000000,40.292408,17097800
2016-02-02,42.700001,42.790001,42.410000,42.439999,39.767666,12332900
2016-02-03,42.799999,42.939999,42.279999,42.720001,40.030041,15958300
2016-02-04,42.520000,42.889999,42.400002,42.529999,39.852001,14140800
2016-02-05,42.930000,42.990002,42.259998,42.439999,39.767666,17315700
2016-02-08,42.169998,42.700001,41.900002,42.650002,39.964447,17254400
2016-02-09,42.259998,43.490002,42.259998,43.299999,40.573517,24790600
2016-02-10,43.340000,43.389999,42.509998,42.549999,39.870743,16729600
2016-02-11,42.029999,42.610001,41.980000,42.410000,39.739555,16825300
2016-02-12,42.720001,43.139999,42.560001,43.110001,40.395477,15222400
2016-02-16,43.320000,43.459999,43.020000,43.360001,40.629742,12675900
2016-02-17,43.419998,43.619999,43.279999,43.490002,40.751556,12332500
2016-02-18,43.630001,43.730000,43.299999,43.610001,40.863995,11170300
2016-02-19,43.580002,43.770000,43.279999,43.770000,41.013920,12850000
2016-02-22,43.770000,44.160000,43.630001,43.939999,41.173214,20716100
2016-02-23,43.740002,44.049999,43.660000,43.689999,40.938957,11166400
2016-02-24,43.560001,43.939999,43.369999,43.910000,41.145100,10844200
2016-02-25,43.959999,44.180000,43.869999,44.160000,41.379364,10896200
2016-02-26,44.040001,44.060001,43.110001,43.139999,40.423592,18421000
2016-02-29,43.169998,43.610001,42.919998,43.130001,40.414219,15049800
2016-03-01,43.380001,43.689999,43.169998,43.689999,40.938957,12358300
2016-03-02,43.470001,43.770000,43.419998,43.770000,41.013920,12856300
2016-03-03,43.610001,43.980000,43.540001,43.959999,41.191952,13073900
2016-03-04,43.779999,44.150002,43.680000,44.110001,41.332512,13691500
2016-03-07,43.910000,44.139999,43.860001,44.009998,41.238804,10695300
2016-03-08,43.919998,44.470001,43.810001,44.320000,41.529282,18900200
2016-03-09,44.389999,44.830002,44.290001,44.810001,41.988441,18466600
2016-03-10,44.840000,45.259998,44.680000,45.230000,42.381989,28872200
2016-03-11,45.000000,45.250000,44.930000,45.200001,42.684174,16129300
2016-03-14,45.040001,45.419998,45.040001,45.290001,42.769169,13206700
2016-03-15,45.080002,45.560001,45.070000,45.240002,42.721951,13686300
2016-03-16,45.049999,45.169998,44.549999,45.049999,42.542522,15386100
2016-03-17,45.049999,45.910000,44.970001,45.770000,43.222450,24080000
2016-03-18,45.840000,45.869999,45.389999,45.599998,43.061913,23853400
2016-03-21,45.419998,45.869999,45.360001,45.669998,43.128014,9740400
2016-03-22,45.549999,45.730000,45.389999,45.500000,42.967480,13788300
2016-03-23,45.400002,45.709999,45.349998,45.459999,42.929699,9292100
2016-03-24,45.450001,45.599998,45.189999,45.580002,43.043030,10890200
2016-03-28,45.560001,45.930000,45.509998,45.799999,43.250782,13306600
2016-03-29,45.860001,46.509998,45.810001,46.480000,43.892933,24962500
2016-03-30,46.630001,46.730000,46.330002,46.580002,43.987373,14312200
2016-03-31,46.549999,46.880001,46.320000,46.389999,43.807941,15544500
2016-04-01,46.139999,46.869999,46.110001,46.830002,44.223450,14922900
2016-04-04,46.840000,46.930000,46.500000,46.889999,44.280109,10629800
2016-04-05,46.619999,46.810001,46.439999,46.529999,43.940151,10696700
2016-04-06,46.570000,46.730000,46.380001,46.709999,44.110130,9119600
2016-04-07,46.500000,46.580002,46.160000,46.360001,43.779617,9292000
2016-04-08,46.439999,46.980000,46.439999,46.869999,44.261223,11959300
2016-04-11,46.900002,47.130001,46.410000,46.439999,43.855156,11880100
2016-04-12,46.410000,46.759998,46.349998,46.650002,44.053471,11142600
2016-04-13,46.770000,46.779999,45.820000,46.040001,43.477428,13234100
2016-04-14,46.060001,46.220001,45.750000,45.830002,43.279110,12964300
2016-04-15,45.820000,46.160000,45.680000,46.099998,43.534084,13647800
2016-04-18,46.099998,46.279999,45.820000,46.220001,43.647404,11482300
2016-04-19,46.310001,46.619999,46.150002,46.599998,44.006248,14418300
2016-04-20,45.340000,45.380001,44.060001,44.369999,41.900375,40360300
2016-04-21,44.259998,44.279999,42.869999,43.660000,41.229893,37206900
2016-04-22,43.790001,44.660000,43.790001,44.540001,42.060917,25134200
2016-04-25,44.500000,44.720001,44.380001,44.709999,42.221447,11173800
2016-04-26,44.919998,44.959999,44.430000,44.529999,42.051468,13935500
2016-04-27,44.639999,44.860001,44.250000,44.680000,42.193123,11335500
2016-04-28,44.500000,44.900002,44.459999,44.630001,42.145905,10932500
2016-04-29,44.529999,44.860001,44.500000,44.799999,42.306442,11716000
2016-05-02,44.570000,45.189999,44.570000,44.980000,42.476421,12577500
2016-05-03,44.869999,45.070000,44.650002,44.840000,42.344212,10420500
2016-05-04,44.720001,45.110001,44.509998,44.980000,42.476421,9350500
2016-05-05,44.930000,45.490002,44.869999,45.060001,42.551968,8801100
2016-05-06,45.060001,45.410000,44.919998,45.320000,42.797497,8564000
2016-05-09,45.320000,45.500000,45.169998,45.240002,42.721951,8110600
2016-05-10,45.439999,45.840000,45.419998,45.750000,43.203564,8931400
2016-05-11,45.730000,45.880001,45.450001,45.459999,42.929699,8833100
2016-05-12,45.549999,45.900002,45.490002,45.830002,43.279110,10463400
2016-05-13,45.750000,45.830002,45.230000,45.349998,42.825825,10341200
2016-05-16,45.160000,45.730000,45.139999,45.619999,43.080795,9413600
2016-05-17,45.450001,45.560001,44.709999,44.750000,42.259224,17457000
2016-05-18,44.560001,44.830002,44.230000,44.480000,42.004246,12524300
2016-05-19,44.250000,44.389999,44.040001,44.320000,41.853157,10659500
2016-05-20,44.509998,44.540001,43.939999,43.950001,41.503754,12914100
2016-05-23,44.070000,44.160000,43.939999,43.970001,41.522640,13547600
2016-05-24,44.099998,44.419998,44.000000,44.369999,41.900375,12634200
2016-05-25,44.509998,44.630001,44.250000,44.380001,41.909821,9218100
2016-05-26,44.529999,44.770000,44.439999,44.689999,42.202557,8611800
2016-05-27,44.709999,44.959999,44.650002,44.779999,42.287552,7893900
2016-05-31,44.980000,44.980000,44.259998,44.599998,42.117573,18935200
2016-06-01,44.599998,44.779999,44.490002,44.700001,42.212002,8916000
2016-06-02,44.700001,44.720001,44.500000,44.720001,42.230896,6681300
2016-06-03,44.750000,45.049999,44.680000,45.040001,42.533085,13434900
2016-06-06,45.090000,45.480000,45.080002,45.369999,42.844715,10310600
2016-06-07,45.349998,45.480000,45.200001,45.320000,42.797497,9812600
2016-06-08,45.240002,45.660000,45.189999,45.549999,43.014698,7915400
2016-06-09,45.330002,45.799999,45.310001,45.759998,43.213005,8042900
2016-06-10,45.619999,46.009998,45.560001,45.990002,43.430206,12357000
2016-06-13,45.480000,45.669998,45.090000,45.119999,42.935379,10613500
2016-06-14,44.849998,45.130001,44.439999,45.040001,42.859257,11298200
2016-06-15,45.119999,45.340000,44.880001,45.009998,42.830700,8360400
2016-06-16,44.869999,45.340000,44.720001,45.310001,43.116180,11305400
2016-06-17,45.169998,45.220001,44.380001,44.790001,42.621357,20805400
2016-06-20,45.090000,45.310001,44.959999,44.980000,42.802162,10712400
2016-06-21,45.160000,45.279999,45.000000,45.130001,42.944897,7919400
2016-06-22,45.250000,45.330002,44.810001,44.860001,42.687969,10738900
2016-06-23,45.029999,45.169998,44.840000,45.080002,42.897320,9655300
2016-06-24,44.200001,44.560001,43.820000,43.930000,41.802994,26003700
2016-06-27,43.669998,43.889999,43.320000,43.779999,41.660259,15779500
2016-06-28,44.060001,44.189999,43.669998,44.180000,42.040894,16509800
2016-06-29,44.389999,44.709999,44.240002,44.439999,42.288303,12250900
2016-06-30,44.520000,45.330002,44.490002,45.330002,43.135216,16056500
2016-07-01,45.330002,45.410000,45.070000,45.119999,42.935379,11799700
2016-07-05,45.160000,45.669998,45.150002,45.430000,43.230373,12339100
2016-07-06,45.500000,45.549999,44.919998,45.270000,43.078121,10902600
2016-07-07,45.419998,45.520000,44.970001,45.090000,42.906834,9734300
2016-07-08,45.299999,45.520000,45.070000,45.380001,43.182793,11127100
2016-07-11,45.349998,45.770000,45.110001,45.570000,43.363594,10937800
2016-07-12,45.639999,45.709999,45.180000,45.580002,43.373108,9739000
2016-07-13,45.610001,45.759998,45.430000,45.740002,43.525360,8028400
2016-07-14,45.730000,45.939999,45.580002,45.689999,43.477783,7621200
2016-07-15,45.880001,45.900002,45.439999,45.630001,43.420685,10621000
2016-07-18,45.689999,45.700001,45.480000,45.630001,43.420685,7958300
2016-07-19,45.459999,45.709999,45.430000,45.630001,43.420685,7761100
2016-07-20,45.750000,45.770000,45.389999,45.509998,43.306496,8478200
2016-07-21,45.340000,45.509998,45.259998,45.450001,43.249409,8045100
2016-07-22,45.500000,45.840000,45.459999,45.830002,43.611004,8836100
2016-07-25,45.810001,45.830002,45.470001,45.570000,43.363594,9134300
2016-07-26,45.529999,45.650002,44.830002,44.880001,42.707001,15819900
2016-07-27,43.900002,44.060001,43.099998,43.400002,41.298660,37439100
2016-07-28,43.270000,43.689999,43.220001,43.650002,41.536560,13077800
2016-07-29,43.720001,43.750000,43.480000,43.630001,41.517525,16530500
2016-08-01,43.689999,43.830002,43.430000,43.450001,41.346241,12349700
2016-08-02,43.349998,43.580002,43.310001,43.529999,41.422363,12825200
2016-08-03,43.660000,43.700001,43.369999,43.639999,41.527042,12119100
2016-08-04,43.560001,43.799999,43.400002,43.509998,41.403336,11227300
2016-08-05,43.650002,43.750000,43.410000,43.480000,41.374786,10398200
2016-08-08,43.430000,43.520000,43.220001,43.439999,41.336723,8680300
2016-08-09,43.500000,43.639999,43.380001,43.470001,41.365273,7281300
2016-08-10,43.639999,43.689999,43.500000,43.610001,41.498493,8412100
2016-08-11,43.720001,43.869999,43.619999,43.750000,41.631718,10687000
2016-08-12,43.910000,44.189999,43.790001,44.029999,41.898155,10928900
2016-08-15,44.099998,44.330002,44.009998,44.240002,42.097992,10390600
2016-08-16,44.250000,44.250000,43.830002,43.830002,41.707844,9706100
2016-08-17,44.009998,44.070000,43.779999,44.060001,41.926701,11208500
2016-08-18,44.009998,44.259998,44.000000,44.099998,41.964767,9144300
2016-08-19,44.049999,44.060001,43.740002,43.919998,41.793480,9385900
2016-08-22,43.939999,43.950001,43.730000,43.740002,41.622204,8687500
2016-08-23,43.849998,43.980000,43.740002,43.849998,41.726871,8421100
2016-08-24,43.820000,43.939999,43.660000,43.849998,41.726871,11508900
2016-08-25,43.849998,43.939999,43.630001,43.669998,41.555588,9815700
2016-08-26,43.720001,43.919998,43.310001,43.320000,41.222534,11824900
2016-08-29,43.340000,43.610001,43.330002,43.540001,41.431881,9461200
2016-08-30,43.459999,43.529999,43.119999,43.240002,41.146404,9720100
2016-08-31,43.430000,43.459999,43.080002,43.430000,41.327206,10217900
2016-09-01,43.209999,43.410000,43.200001,43.349998,41.251080,8457800
2016-09-02,43.520000,43.830002,43.470001,43.660000,41.546074,9026000
2016-09-06,43.740002,43.799999,43.400002,43.790001,41.669777,8600400
2016-09-07,43.720001,43.799999,43.529999,43.639999,41.527042,8656600
2016-09-08,43.669998,43.730000,43.450001,43.630001,41.517525,10006500
2016-09-09,43.430000,43.430000,42.270000,42.270000,40.223370,23624200
2016-09-12,42.360001,43.230000,42.340000,43.189999,41.098827,15932300
2016-09-13,42.770000,42.770000,42.209999,42.279999,40.561584,12962700
2016-09-14,42.270000,42.410000,41.990002,42.110001,40.398502,9823900
2016-09-15,42.009998,42.389999,41.880001,42.360001,40.638336,10158500
2016-09-16,42.169998,42.259998,41.970001,42.139999,40.427280,16354000
2016-09-19,42.160000,42.369999,42.080002,42.099998,40.388905,7593000
2016-09-20,42.310001,42.529999,42.240002,42.340000,40.619148,8407200
2016-09-21,42.279999,42.610001,42.099998,42.529999,40.801430,13654700
2016-09-22,42.709999,43.009998,42.689999,42.959999,41.213951,9288300
2016-09-23,42.810001,42.939999,42.650002,42.740002,41.002892,8852700
2016-09-26,42.709999,42.720001,42.009998,42.049999,40.340939,15036000
2016-09-27,42.189999,42.630001,42.000000,42.590000,40.858990,11920400
2016-09-28,42.630001,42.759998,42.029999,42.150002,40.436871,15523800
2016-09-29,42.020000,42.389999,41.849998,42.029999,40.321747,12671700
2016-09-30,42.209999,42.500000,42.060001,42.320000,40.599960,14375700
2016-10-03,42.310001,42.310001,41.889999,42.029999,40.321747,11152800
2016-10-04,42.340000,42.340000,41.779999,41.840000,40.139469,13682700
2016-10-05,41.930000,42.070000,41.669998,41.810001,40.110687,9607300
2016-10-06,41.680000,41.939999,41.580002,41.709999,40.014755,9722900
2016-10-07,41.830002,41.939999,41.570000,41.730000,40.033943,8122800
2016-10-10,41.919998,41.990002,41.599998,41.730000,40.033943,8970900
2016-10-11,41.660000,41.700001,41.400002,41.540001,39.851662,12249100
2016-10-12,41.630001,41.840000,41.500000,41.779999,40.081913,12216300
2016-10-13,41.650002,41.889999,41.509998,41.759998,40.062721,17655600
2016-10-14,41.849998,41.910000,41.619999,41.669998,39.976383,9893800
2016-10-17,41.730000,41.860001,41.570000,41.599998,39.909222,10792500
2016-10-18,41.810001,42.000000,41.730000,41.970001,40.264183,11252100
2016-10-19,41.930000,42.119999,41.810001,42.049999,40.340939,16367400
2016-10-20,41.970001,42.110001,41.889999,41.930000,40.225811,10620500
2016-10-21,41.849998,42.169998,41.680000,42.130001,40.417686,14401500
2016-10-24,42.320000,42.770000,42.250000,42.560001,40.830212,13439200
2016-10-25,42.639999,42.880001,42.430000,42.540001,40.811020,16484700
2016-10-26,43.000000,43.029999,42.410000,42.439999,40.715080,16886200
2016-10-27,42.630001,42.650002,41.900002,42.119999,40.408089,14537000
2016-10-28,42.259998,42.470001,42.099998,42.230000,40.513618,13398400
2016-10-31,42.119999,42.410000,42.119999,42.400002,40.676716,13327500
2016-11-01,42.400002,42.430000,41.910000,42.119999,40.408089,12223400
2016-11-02,42.099998,42.340000,42.009998,42.049999,40.340939,12034300
2016-11-03,42.220001,42.220001,41.959999,42.029999,40.321747,11258000
2016-11-04,41.849998,42.040001,41.689999,41.689999,39.995567,14464200
2016-11-07,42.040001,42.500000,42.040001,42.459999,40.734272,14038500
2016-11-08,42.369999,42.980000,42.369999,42.880001,41.137207,12012700
2016-11-09,41.759998,42.320000,41.700001,42.270000,40.551994,21351000
2016-11-10,41.860001,42.259998,40.849998,40.939999,39.276051,33245500
2016-11-11,40.950001,41.130001,40.630001,41.029999,39.362392,13421000
2016-11-14,41.130001,41.419998,40.849998,41.169998,39.496700,19494700
2016-11-15,41.180000,41.520000,41.169998,41.439999,39.755730,16554000
2016-11-16,41.400002,41.650002,41.160000,41.259998,39.583042,12652000
2016-11-17,41.279999,41.299999,41.000000,41.119999,39.448734,12398800
2016-11-18,41.029999,41.200001,40.900002,40.910000,39.247269,16345300
2016-11-21,40.910000,41.360001,40.730000,41.360001,39.678982,12307000
2016-11-22,41.450001,41.700001,41.240002,41.369999,39.688572,12743500
2016-11-23,41.220001,41.310001,41.029999,41.119999,39.448734,9281300
2016-11-25,41.389999,41.580002,41.240002,41.529999,39.842068,7402300
2016-11-28,41.509998,41.790001,41.270000,41.750000,40.053131,19424400
2016-11-29,41.520000,41.520000,41.139999,41.150002,39.811264,11421900
2016-11-30,41.000000,41.200001,40.349998,40.349998,39.037289,22410400
2016-12-01,40.310001,40.389999,39.880001,40.169998,38.863144,20409900
2016-12-02,40.299999,40.490002,40.189999,40.360001,39.046963,11176300
2016-12-05,40.340000,40.689999,40.310001,40.619999,39.298504,15977800
2016-12-06,40.750000,40.770000,40.419998,40.570000,39.250130,11303500
2016-12-07,40.540001,41.290001,40.509998,41.290001,39.946709,13726500
2016-12-08,41.070000,41.209999,40.849998,40.980000,39.646793,13077100
2016-12-09,41.500000,42.220001,41.290001,42.000000,40.633610,28125800
2016-12-12,42.000000,42.009998,41.720001,41.900002,40.536861,17561900
2016-12-13,41.720001,41.959999,41.540001,41.759998,40.401413,18986000
2016-12-14,41.889999,41.990002,41.060001,41.209999,39.869312,17937900
2016-12-15,41.099998,41.810001,41.099998,41.549999,40.198250,14265300
2016-12-16,41.610001,41.759998,41.480000,41.740002,40.382072,19110200
2016-12-19,41.689999,41.799999,41.580002,41.669998,40.314346,8687300
2016-12-20,41.700001,41.720001,41.439999,41.660000,40.304665,10603500
2016-12-21,41.599998,41.830002,41.520000,41.570000,40.217598,9693600
2016-12-22,41.570000,41.619999,41.080002,41.549999,40.198250,11894100
2016-12-23,41.619999,41.689999,41.349998,41.599998,40.246616,6410600
2016-12-27,41.560001,41.759998,41.540001,41.610001,40.256294,6999200
2016-12-28,41.490002,41.669998,41.389999,41.389999,40.043457,8988000
2016-12-29,41.380001,41.689999,41.380001,41.599998,40.246616,6817900
2016-12-30,41.689999,41.840000,41.349998,41.459999,40.111172,11470200
2017-01-03,41.500000,41.810001,41.279999,41.799999,40.440113,14711000
2017-01-04,41.880001,41.970001,41.590000,41.650002,40.294994,9959400
2017-01-05,41.660000,41.860001,41.529999,41.750000,40.391739,8968300
2017-01-06,41.700001,41.810001,41.540001,41.740002,40.382072,10246600
2017-01-09,41.230000,41.580002,41.209999,41.320000,39.975727,14800400
2017-01-10,41.439999,41.439999,40.860001,41.040001,39.704842,19706800
2017-01-11,40.849998,41.119999,40.830002,41.049999,39.714516,9266200
2017-01-12,41.009998,41.040001,40.799999,40.950001,39.617771,8541200
2017-01-13,41.000000,41.040001,40.689999,40.880001,39.550045,8123500
2017-01-17,40.840000,41.299999,40.799999,41.220001,39.878986,12455600
2017-01-18,41.250000,41.380001,41.139999,41.290001,39.946709,10390500
2017-01-19,41.139999,41.290001,41.029999,41.139999,39.801586,10987100
2017-01-20,41.270000,41.439999,41.130001,41.320000,39.975727,14695400
2017-01-23,41.310001,41.500000,41.209999,41.430000,40.082153,11628900
2017-01-24,41.470001,41.970001,41.470001,41.900002,40.536861,17040100
2017-01-25,41.939999,42.250000,41.900002,42.119999,40.749702,12538200
2017-01-26,42.029999,42.110001,41.790001,41.810001,40.449787,8976800
2017-01-27,41.910000,41.950001,41.419998,41.450001,40.101505,12967400
2017-01-30,41.299999,41.480000,41.209999,41.380001,40.033783,11626200
2017-01-31,41.389999,41.689999,41.360001,41.570000,40.217598,12678000
2017-02-01,41.520000,41.660000,41.250000,41.259998,39.917683,11136100
2017-02-02,41.410000,41.490002,41.250000,41.400002,40.053131,9459700
2017-02-03,41.580002,41.790001,41.459999,41.540001,40.188576,11882400
2017-02-06,41.529999,41.669998,41.400002,41.560001,40.207924,15742800
2017-02-07,41.700001,41.980000,41.669998,41.900002,40.536861,13315200
2017-02-08,41.910000,42.150002,41.840000,42.020000,40.652962,14219700
2017-02-09,42.020000,42.020000,40.720001,41.250000,39.908012,27240300
2017-02-10,41.020000,41.200001,40.549999,40.580002,39.259808,28847300
2017-02-13,40.770000,40.830002,40.500000,40.619999,39.298504,23617100
2017-02-14,40.380001,40.599998,40.220001,40.529999,39.211430,32163400
2017-02-15,40.419998,40.630001,40.400002,40.439999,39.124363,26600800
2017-02-16,40.549999,41.279999,40.500000,41.200001,39.859638,22214800
2017-02-17,41.130001,41.360001,41.049999,41.230000,39.888657,15065100
2017-02-21,41.200001,41.500000,41.200001,41.459999,40.111172,17072600
2017-02-22,41.509998,41.680000,41.400002,41.599998,40.246616,11186800
2017-02-23,41.669998,42.000000,41.619999,41.660000,40.304665,12856800
2017-02-24,41.700001,41.910000,41.599998,41.779999,40.420765,13215300
2017-02-27,41.750000,41.750000,41.590000,41.669998,40.314346,12186400
2017-02-28,41.680000,42.070000,41.639999,41.959999,40.594910,15946800
2017-03-01,42.009998,42.349998,41.880001,42.160000,40.788406,14662000
2017-03-02,42.080002,42.560001,42.070000,42.470001,41.088318,15507600
2017-03-03,42.470001,42.490002,42.250000,42.480000,41.097992,11740000
2017-03-06,42.340000,42.430000,42.119999,42.180000,40.807751,16307800
2017-03-07,42.000000,42.240002,41.950001,41.990002,40.623936,11273700
2017-03-08,42.000000,42.029999,41.740002,41.990002,40.623936,14636000
2017-03-09,42.090000,42.110001,41.919998,42.029999,40.662632,14496400
2017-03-10,42.230000,42.400002,42.150002,42.290001,40.914177,16369700
2017-03-13,41.919998,42.119999,41.840000,42.029999,41.021538,12831500
2017-03-14,41.980000,42.099998,41.830002,41.970001,40.962978,9844500
2017-03-15,41.980000,42.279999,41.970001,42.119999,41.109375,22757800
2017-03-16,42.029999,42.389999,41.900002,42.250000,41.236256,16004200
2017-03-17,42.279999,42.349998,42.009998,42.029999,41.021538,37526500
2017-03-20,42.099998,42.340000,42.070000,42.180000,41.167938,11484200
2017-03-21,42.310001,42.630001,42.209999,42.500000,41.480259,17187300
2017-03-22,42.560001,42.700001,42.250000,42.380001,41.363140,11605500
2017-03-23,42.209999,42.389999,42.060001,42.169998,41.158173,11503300
2017-03-24,42.230000,42.250000,41.910000,42.119999,41.109375,13804400
2017-03-27,42.110001,42.340000,42.049999,42.320000,41.304577,12387400
2017-03-28,42.240002,42.560001,42.240002,42.430000,41.411942,14123800
2017-03-29,42.509998,42.529999,42.290001,42.419998,41.402176,9580100
2017-03-30,42.349998,42.619999,42.259998,42.599998,41.577858,11999900
2017-03-31,42.549999,42.650002,42.430000,42.439999,41.421696,11551800
2017-04-03,42.580002,42.630001,42.270000,42.410000,41.392422,11240000
2017-04-04,42.509998,42.689999,42.369999,42.680000,41.655941,10946200
2017-04-05,42.650002,42.860001,42.529999,42.570000,41.548576,10142800
2017-04-06,42.580002,42.759998,42.470001,42.669998,41.646175,14597800
2017-04-07,42.639999,42.740002,42.509998,42.610001,41.587620,11028800
2017-04-10,42.730000,42.799999,42.560001,42.689999,41.665695,9426900
2017-04-11,42.680000,42.750000,42.520000,42.660000,41.636421,8909400
2017-04-12,42.540001,42.990002,42.509998,42.939999,41.909698,13417200
2017-04-13,42.869999,43.080002,42.779999,42.790001,41.763298,9891900
2017-04-17,42.790001,43.070000,42.779999,43.070000,42.036579,11318100
2017-04-18,43.110001,43.590000,43.090000,43.480000,42.436745,13181600
2017-04-19,43.740002,43.790001,43.189999,43.230000,42.192745,13893100
2017-04-20,43.200001,43.299999,43.049999,43.090000,42.056103,10838300
2017-04-21,42.980000,43.099998,42.889999,43.070000,42.036579,13833800
2017-04-24,43.240002,43.430000,43.150002,43.279999,42.241543,16703800
2017-04-25,42.849998,43.430000,42.820000,43.110001,42.075623,18745100
2017-04-26,43.060001,43.430000,42.980000,43.240002,42.202507,13626600
2017-04-27,43.169998,43.279999,42.919998,43.009998,41.978020,10386200
2017-04-28,42.959999,43.200001,42.849998,43.150002,42.114662,10198900
2017-05-01,43.150002,43.500000,43.099998,43.220001,42.182983,13208200
2017-05-02,43.220001,43.439999,43.160000,43.389999,42.348904,11823900
2017-05-03,43.330002,43.490002,43.150002,43.320000,42.280582,10389000
2017-05-04,43.419998,43.810001,43.400002,43.660000,42.612427,10193100
2017-05-05,43.790001,43.840000,43.560001,43.689999,42.641708,8133000
2017-05-08,43.590000,43.910000,43.540001,43.889999,42.836906,14284300
2017-05-09,43.889999,43.889999,43.380001,43.509998,42.466022,8694400
2017-05-10,43.480000,43.619999,43.360001,43.570000,42.524582,7597700
2017-05-11,43.490002,43.680000,43.430000,43.669998,42.622185,6860100
2017-05-12,43.639999,43.680000,43.459999,43.590000,42.544106,7275800
2017-05-15,43.459999,43.759998,43.459999,43.730000,42.680748,8493000
2017-05-16,43.869999,44.110001,43.770000,43.849998,42.797863,10454100
2017-05-17,43.849998,44.169998,43.709999,43.930000,42.875946,14538800
2017-05-18,43.869999,43.959999,43.639999,43.799999,42.749065,13832200
2017-05-19,43.849998,44.000000,43.759998,43.900002,42.846668,11796800
2017-05-22,43.889999,44.220001,43.810001,44.180000,43.119949,12857900
2017-05-23,44.250000,44.599998,44.209999,44.389999,43.324909,11996100
2017-05-24,44.509998,45.090000,44.509998,45.029999,43.949551,12738300
2017-05-25,45.000000,45.480000,44.970001,45.410000,44.320435,16704200
2017-05-26,45.349998,45.560001,45.330002,45.389999,44.300915,11341400
2017-05-30,45.160000,45.459999,45.110001,45.430000,44.339958,13093500
2017-05-31,45.430000,45.700001,45.369999,45.470001,44.378998,14148000
2017-06-01,45.450001,45.790001,45.230000,45.790001,44.691319,11049300
2017-06-02,45.830002,45.889999,45.610001,45.889999,44.788918,9923700
2017-06-05,45.779999,45.990002,45.689999,45.990002,44.886520,10015200
2017-06-06,45.900002,46.060001,45.779999,45.980000,44.876759,9836700
2017-06-07,45.500000,45.700001,45.349998,45.509998,44.418034,12776300
2017-06-08,45.509998,45.509998,45.029999,45.130001,44.047153,12655800
2017-06-09,45.060001,45.349998,44.970001,45.320000,44.232594,9358800
2017-06-12,45.320000,45.480000,45.200001,45.330002,44.242359,11228500
2017-06-13,45.000000,45.110001,44.799999,45.029999,44.311237,10023400
2017-06-14,45.180000,45.470001,45.160000,45.299999,44.576927,11497500
2017-06-15,45.180000,45.340000,45.040001,45.250000,44.527725,9908700
2017-06-16,45.310001,45.349998,45.009998,45.310001,44.586769,27025300
2017-06-19,45.349998,45.380001,45.099998,45.380001,44.655651,7624700
2017-06-20,45.349998,45.869999,45.320000,45.610001,44.881981,14920900
2017-06-21,45.619999,45.680000,45.169998,45.220001,44.498207,9515800
2017-06-22,45.169998,45.279999,45.029999,45.070000,44.350601,7446300
2017-06-23,45.049999,45.380001,45.029999,45.250000,44.527725,9544800
2017-06-26,45.320000,45.509998,45.299999,45.430000,44.704857,7747100
2017-06-27,45.340000,45.400002,45.000000,45.049999,44.330917,11432200
2017-06-28,45.250000,45.500000,45.230000,45.320000,44.596611,9218800
2017-06-29,45.130001,45.240002,44.650002,44.830002,44.114433,9283500
2017-06-30,44.889999,45.119999,44.849998,44.849998,44.134109,9352800
2017-07-03,45.110001,45.270000,44.759998,44.759998,44.045547,6434500
2017-07-05,44.790001,44.990002,44.730000,44.820000,44.104591,6853600
2017-07-06,44.720001,44.849998,44.290001,44.400002,43.691296,13113000
2017-07-07,44.470001,44.520000,44.240002,44.389999,43.681454,9566000
2017-07-10,44.450001,44.580002,44.230000,44.380001,43.671616,9672000
2017-07-11,44.320000,44.480000,44.150002,44.330002,43.622414,10300700
2017-07-12,44.590000,44.770000,44.439999,44.509998,43.799538,7737400
2017-07-13,44.490002,44.529999,44.369999,44.430000,43.720814,6371900
2017-07-14,44.520000,44.720001,44.500000,44.680000,43.966827,8558700
2017-07-17,44.660000,44.790001,44.610001,44.730000,44.016026,7189200
2017-07-18,44.779999,44.849998,44.619999,44.669998,43.956985,9037200
2017-07-19,44.669998,44.840000,44.549999,44.830002,44.114433,6986900
2017-07-20,44.900002,44.980000,44.750000,44.820000,44.104591,7430300
2017-07-21,44.779999,45.070000,44.669998,45.029999,44.311237,8545600
2017-07-24,45.040001,45.049999,44.830002,44.840000,44.124271,9103600
2017-07-25,45.020000,45.290001,44.939999,45.240002,44.517887,14096300
2017-07-26,44.549999,45.790001,44.310001,45.740002,45.009907,13608900
2017-07-27,45.799999,46.430000,45.700001,46.119999,45.383839,15195200
2017-07-28,46.000000,46.119999,45.730000,46.009998,45.275597,11945300
2017-07-31,46.000000,46.080002,45.790001,45.840000,45.108307,13622900
2017-08-01,45.970001,46.060001,45.650002,45.700001,44.970543,10306800
2017-08-02,45.599998,46.000000,45.380001,45.590000,44.862301,10187900
2017-08-03,45.650002,45.950001,45.630001,45.669998,44.941021,14261400
2017-08-04,45.669998,45.759998,45.470001,45.500000,44.773735,9523600
2017-08-07,45.520000,45.759998,45.500000,45.639999,44.911499,6226300
2017-08-08,45.639999,45.820000,45.549999,45.599998,44.872139,5747900
2017-08-09,45.560001,45.660000,45.330002,45.590000,44.862301,9635300
2017-08-10,45.560001,45.840000,45.459999,45.740002,45.009907,8901600
2017-08-11,45.860001,45.900002,45.570000,45.590000,44.862301,8357600
2017-08-14,45.669998,45.939999,45.619999,45.799999,45.068947,8350900
2017-08-15,45.799999,46.250000,45.799999,46.189999,45.452721,9638100
2017-08-16,46.150002,46.340000,46.119999,46.200001,45.462563,8087300
2017-08-17,46.119999,46.330002,45.849998,45.860001,45.127991,8477000
2017-08-18,45.799999,45.900002,45.630001,45.669998,44.941021,10879800
2017-08-21,45.669998,45.799999,45.560001,45.680000,44.950867,9429700
2017-08-22,45.700001,45.750000,45.540001,45.599998,44.872139,10536700
2017-08-23,45.630001,45.660000,45.439999,45.540001,44.813099,6528400
2017-08-24,45.540001,45.610001,45.310001,45.410000,44.685173,7534400
2017-08-25,45.599998,45.759998,45.560001,45.570000,44.842617,8807100
2017-08-28,45.630001,45.689999,45.380001,45.419998,44.695015,8024000
2017-08-29,45.400002,45.570000,45.250000,45.450001,44.724533,7762200
2017-08-30,45.360001,45.540001,45.290001,45.389999,44.665493,7134900
2017-08-31,45.400002,45.650002,45.340000,45.549999,44.822941,14264600
2017-09-01,45.639999,45.799999,45.540001,45.779999,45.049267,7391200
2017-09-05,45.750000,45.930000,45.650002,45.919998,45.187031,9916700
2017-09-06,45.980000,46.040001,45.790001,45.959999,45.226395,9238900
2017-09-07,46.009998,46.320000,45.959999,46.279999,45.541286,9418400
2017-09-08,46.189999,46.369999,46.020000,46.299999,45.560966,10534900
2017-09-11,46.349998,46.590000,46.220001,46.520000,45.777454,10430300
2017-09-12,46.500000,46.750000,46.450001,46.720001,45.974262,8567600
2017-09-13,46.680000,46.980000,46.650002,46.869999,46.121868,10218000
2017-09-14,46.400002,46.470001,45.939999,46.110001,45.735039,13768800
2017-09-15,46.299999,46.360001,46.000000,46.180000,45.804470,16141400
2017-09-18,46.150002,46.240002,45.910000,46.110001,45.735039,8535300
2017-09-19,46.139999,46.189999,45.889999,45.980000,45.606098,7297900
2017-09-20,45.759998,46.150002,45.549999,45.779999,45.407722,11026600
2017-09-21,45.709999,45.790001,45.360001,45.400002,45.030815,7555300
2017-09-22,45.450001,45.630001,45.369999,45.490002,45.120083,8024800
2017-09-25,45.500000,45.759998,45.349998,45.689999,45.318455,9215300
2017-09-26,45.689999,45.869999,45.560001,45.570000,45.199432,6480100
2017-09-27,45.470001,45.500000,44.380001,44.639999,44.276993,14816200
2017-09-28,44.669998,45.000000,44.650002,44.910000,44.544800,8789500
2017-09-29,44.860001,45.110001,44.790001,45.009998,44.643982,10082200
2017-10-02,45.049999,45.270000,44.750000,44.799999,44.435692,10707800
2017-10-03,44.860001,45.259998,44.759998,45.189999,44.822521,12038100
2017-10-04,45.110001,45.560001,44.939999,45.500000,45.130001,14060300
2017-10-05,45.509998,45.750000,45.500000,45.520000,45.149837,10215300
2017-10-06,45.389999,45.520000,45.279999,45.490002,45.120083,5437900
2017-10-09,45.549999,45.650002,45.340000,45.410000,45.040733,5268300
2017-10-10,45.599998,45.900002,45.529999,45.869999,45.496990,6310400
2017-10-11,45.880001,46.099998,45.869999,46.099998,45.725121,6638200
2017-10-12,45.980000,46.139999,45.939999,46.110001,45.735039,7710200
2017-10-13,46.250000,46.380001,46.150002,46.180000,45.804470,7126000
2017-10-16,46.119999,46.750000,46.099998,46.619999,46.240891,12708600
2017-10-17,46.529999,46.630001,46.310001,46.520000,46.141705,7699400
2017-10-18,46.410000,46.540001,46.240002,46.400002,46.022682,6272200
2017-10-19,46.369999,46.790001,46.320000,46.590000,46.211136,7515500
2017-10-20,46.580002,46.590000,46.279999,46.380001,46.002846,9646800
2017-10-23,46.380001,46.650002,46.230000,46.320000,45.943333,7153600
2017-10-24,46.259998,46.290001,45.950001,46.180000,45.804470,9539500
2017-10-25,46.369999,46.759998,45.930000,46.049999,45.675526,11994200
2017-10-26,46.320000,46.750000,46.220001,46.230000,45.854065,10569100
2017-10-27,46.130001,46.330002,45.910000,46.070000,45.695366,9988000
2017-10-30,46.000000,46.070000,45.820000,45.860001,45.487072,7201900
2017-10-31,45.919998,46.169998,45.840000,45.980000,45.606098,6560500
2017-11-01,45.750000,46.090000,45.630001,45.799999,45.427559,7067600
2017-11-02,45.810001,45.950001,45.750000,45.880001,45.506912,8317800
2017-11-03,45.970001,46.160000,45.919998,45.970001,45.596180,4730400
2017-11-06,45.910000,45.919998,45.419998,45.470001,45.100246,7451300
2017-11-07,45.410000,45.950001,45.310001,45.939999,45.566422,9868000
2017-11-08,45.980000,46.189999,45.869999,46.180000,45.804470,7586900
2017-11-09,46.119999,46.389999,46.020000,46.230000,45.854065,6532400
2017-11-10,46.200001,46.639999,46.139999,46.540001,46.161545,8022900
2017-11-13,46.599998,46.820000,46.540001,46.720001,46.340080,7653600
2017-11-14,46.709999,47.480000,46.619999,47.430000,47.044308,17200700
2017-11-15,47.320000,47.459999,46.779999,46.810001,46.429348,12419100
2017-11-16,46.950001,46.980000,46.509998,46.549999,46.171459,12506400
2017-11-17,46.340000,46.380001,45.250000,45.709999,45.338291,19720700
2017-11-20,45.650002,45.880001,45.419998,45.459999,45.090324,19160900
2017-11-21,45.560001,45.950001,45.540001,45.779999,45.407722,10280800
2017-11-22,45.889999,45.930000,45.540001,45.840000,45.467236,8434400
2017-11-24,45.889999,46.049999,45.860001,45.880001,45.506912,2996300
2017-11-27,45.880001,45.990002,45.810001,45.900002,45.526749,5649200
2017-11-28,45.990002,46.150002,45.779999,45.830002,45.457317,8432800
2017-11-29,45.770000,45.820000,45.209999,45.500000,45.130001,16502100
2017-11-30,45.139999,45.840000,45.029999,45.770000,45.770000,17147600
2017-12-01,45.799999,46.020000,45.209999,45.970001,45.970001,12468800
2017-12-04,45.990002,46.380001,45.770000,46.230000,46.230000,17523600
2017-12-05,46.250000,46.439999,46.060001,46.259998,46.259998,13670800
2017-12-06,46.360001,46.480000,46.259998,46.450001,46.450001,8154000
2017-12-07,46.290001,46.320000,45.720001,45.779999,45.779999,9106500
2017-12-08,45.700001,45.730000,45.049999,45.310001,45.310001,13238600
2017-12-11,45.310001,45.410000,44.919998,45.330002,45.330002,9698700
2017-12-12,45.250000,45.520000,45.060001,45.290001,45.290001,13999300
2017-12-13,45.450001,46.049999,45.400002,45.900002,45.900002,12418700
2017-12-14,45.810001,46.169998,45.799999,46.029999,46.029999,9029000
2017-12-15,46.290001,46.419998,46.040001,46.189999,46.189999,21181600
2017-12-18,46.200001,46.380001,45.910000,45.930000,45.930000,10156800
2017-12-19,46.040001,46.380001,45.910000,46.130001,46.130001,8253200
2017-12-20,46.209999,46.299999,45.959999,46.080002,46.080002,7311000
2017-12-21,46.139999,46.220001,45.560001,45.599998,45.599998,9657100
2017-12-22,45.689999,45.730000,45.549999,45.590000,45.590000,5406300
2017-12-26,45.700001,45.860001,45.610001,45.810001,45.810001,6100400
2017-12-27,45.900002,45.939999,45.720001,45.930000,45.930000,5660600
2017-12-28,45.910000,45.990002,45.639999,45.720001,45.720001,6538900
2017-12-29,45.700001,46.180000,45.689999,45.880001,45.880001,8371500
2018-01-02,45.910000,45.939999,45.509998,45.540001,45.540001,10872200
2018-01-03,45.490002,45.689999,45.340000,45.439999,45.439999,12635600
2018-01-04,45.560001,46.220001,45.450001,46.080002,46.080002,12709400
2018-01-05,46.020000,46.200001,45.790001,46.070000,46.070000,12244300
